PassengerId,Survived,Pclass,Name,Sex,Age,SibSp,Parch,Fare,Embarked
1,0,3,Person_0,male,,2,0,53.39,C
2,1,3,Person_1,male,24.502601274349235,0,0,1.82,Q
3,1,2,Person_2,female,54.65579860870882,1,0,24.72,Q
4,0,3,Person_3,female,40.39812466965573,0,0,2.34,S
5,0,1,Person_4,male,,0,2,87.0,C
6,0,2,Person_5,male,,0,2,46.53,S
7,0,3,Person_6,male,34.513162175027524,0,0,34.33,S
8,1,1,Person_7,male,2.012583889161462,3,0,55.57,S
9,0,1,Person_8,male,25.09563248188941,0,0,33.37,C
10,1,1,Person_9,female,,0,1,111.1,S
11,0,1,Person_10,male,28.315439431362524,0,0,40.05,S
12,1,1,Person_11,female,9.327342144749949,0,0,82.74,S
13,1,3,Person_12,male,,0,0,23.3,S
14,0,2,Person_13,male,,1,0,3.98,S
15,0,3,Person_14,female,46.456484017486076,0,0,24.04,C
16,0,3,Person_15,male,28.131943868875556,0,2,4.34,S
17,0,2,Person_16,male,42.32028987881321,0,0,28.73,S
18,0,2,Person_17,male,23.868901714847276,3,0,21.08,S
19,0,2,Person_18,female,5.145797784425934,0,0,31.18,S
20,0,3,Person_19,female,,0,0,0.32,S
21,0,2,Person_20,male,50.88044275911477,0,2,6.93,S
22,0,3,Person_21,male,25.16409685438974,0,0,21.63,S
23,0,2,Person_22,male,25.592624288749747,0,0,96.19,S
24,0,3,Person_23,female,24.80226525215167,0,0,15.48,S
25,0,2,Person_24,female,55.657912254022094,1,0,17.67,S
26,1,2,Person_25,male,51.76342481506889,0,0,40.13,S
27,0,3,Person_26,male,60.06292326827388,1,0,29.63,S
28,0,3,Person_27,male,26.77336705439928,0,0,11.36,Q
29,0,1,Person_28,female,33.13874284245933,0,0,16.93,S
30,0,3,Person_29,female,,0,0,7.86,S
31,0,3,Person_30,male,,0,0,108.22,S
32,0,3,Person_31,male,12.651086282248912,1,0,4.48,S
33,0,3,Person_32,male,32.034857892676804,0,0,14.88,Q
34,1,2,Person_33,female,,0,1,0.84,S
35,1,1,Person_34,male,20.755864425658256,0,2,8.02,S
36,1,2,Person_35,female,,3,0,48.52,S
37,0,3,Person_36,male,20.48974635053855,0,0,7.19,S
38,0,3,Person_37,male,21.4522821559143,2,0,2.67,C
39,1,2,Person_38,male,21.32423687104892,0,0,20.59,S
40,0,1,Person_39,male,40.6666747649243,0,1,0.32,S
41,0,3,Person_40,male,13.531920897124719,0,0,2.83,S
42,0,3,Person_41,female,,0,0,52.75,S
43,0,3,Person_42,male,46.05142813227782,0,1,47.24,C
44,1,1,Person_43,male,21.815250896812458,0,1,78.94,S
45,0,2,Person_44,male,18.949135529533574,2,0,61.69,S
46,1,1,Person_45,female,25.77265524747649,1,0,36.78,S
47,0,3,Person_46,female,,1,0,1.72,S
48,0,1,Person_47,male,31.71750683334701,0,0,48.87,S
49,0,3,Person_48,female,21.56299987549362,0,2,59.76,S
50,0,2,Person_49,male,35.77427311663256,0,1,51.36,S
51,1,3,Person_50,male,13.567909902290074,1,1,22.73,S
52,1,3,Person_51,female,38.53903314620127,2,0,8.48,S
53,1,3,Person_52,female,34.720502307824745,0,1,59.73,Q
54,1,1,Person_53,female,,0,0,41.56,S
55,0,1,Person_54,male,17.259798821738766,0,0,126.43,S
56,1,1,Person_55,male,16.586467088031597,0,0,5.42,S
57,0,3,Person_56,female,36.48744270884274,0,0,8.18,S
58,0,3,Person_57,male,46.205727034846866,0,0,7.62,S
59,0,3,Person_58,male,20.077691541596874,1,0,50.33,C
60,0,3,Person_59,male,,0,0,6.62,S
61,0,3,Person_60,male,1.0,0,0,2.21,S
62,0,1,Person_61,male,20.815351770799204,3,0,209.4,S
63,1,3,Person_62,female,28.565174939807374,0,0,0.8,S
64,0,2,Person_63,male,16.26443216225433,0,0,57.71,S
65,0,2,Person_64,male,15.888910752945657,0,1,14.55,S
66,0,3,Person_65,male,19.651086209435594,0,0,58.97,S
67,0,1,Person_66,female,,0,0,25.88,S
68,1,1,Person_67,male,26.377393742310755,1,0,74.21,S
69,0,3,Person_68,male,1.0,0,1,83.4,S
70,1,1,Person_69,female,,0,0,0.29,S
71,1,3,Person_70,female,,0,0,2.51,S
72,0,2,Person_71,female,35.407612204749725,0,0,9.22,S
73,0,2,Person_72,female,1.0,1,0,35.41,S
74,1,2,Person_73,male,22.00377753387717,1,0,70.13,S
75,1,2,Person_74,female,,0,0,19.71,S
76,1,3,Person_75,male,48.43672889491827,1,0,29.88,S
77,1,2,Person_76,female,23.60969463601991,0,0,6.68,S
78,0,3,Person_77,female,34.361845786372996,3,0,52.31,S
79,0,3,Person_78,female,30.977599961224485,0,0,109.48,S
80,0,3,Person_79,female,1.0,3,0,10.01,S
81,1,3,Person_80,male,39.75490103284432,1,0,21.85,C
82,1,3,Person_81,male,32.01555107638803,0,0,2.88,S
83,0,1,Person_82,female,36.11576095544425,0,0,26.21,S
84,0,1,Person_83,female,80.0,3,0,22.36,S
85,0,2,Person_84,male,1.0,1,1,4.99,S
86,0,3,Person_85,male,53.14575309665552,0,2,18.67,S
87,1,1,Person_86,male,,1,0,13.01,S
88,1,3,Person_87,female,,0,0,23.61,S
89,1,3,Person_88,female,,0,0,28.19,S
90,0,2,Person_89,male,23.06069133242739,0,1,0.27,S
91,0,3,Person_90,male,21.022339004657375,0,0,45.8,S
92,1,1,Person_91,female,,1,0,39.95,S
93,1,1,Person_92,female,7.759568246596494,0,1,14.6,S
94,0,3,Person_93,male,39.50810834530472,1,0,1.74,S
95,1,3,Person_94,male,23.173278331606447,0,1,45.0,S
96,0,3,Person_95,male,13.17902925343499,0,0,99.36,S
97,0,2,Person_96,male,22.699819988058607,0,0,8.79,S
98,0,2,Person_97,male,,0,1,12.51,S
99,0,3,Person_98,female,21.505308781772875,0,0,6.5,S
100,0,3,Person_99,female,34.018350654934686,0,0,27.53,C
101,0,3,Person_100,male,18.766612139983373,0,0,5.38,
102,1,2,Person_101,female,39.610905898930675,0,2,14.09,S
103,0,3,Person_102,male,38.59710834306286,0,0,38.21,S
104,0,2,Person_103,male,,0,0,26.28,S
105,1,1,Person_104,male,,1,0,15.63,S
106,0,3,Person_105,male,38.36116726661069,1,0,17.45,S
107,0,1,Person_106,female,30.372945553545225,0,0,26.43,S
108,1,3,Person_107,female,,0,0,0.19,Q
109,0,2,Person_108,male,18.936346573477774,0,0,2.62,S
110,0,1,Person_109,male,39.43007438028194,2,2,68.19,S
111,0,3,Person_110,female,26.274237854366458,0,0,2.59,S
112,0,3,Person_111,male,28.101365520481032,0,0,39.26,C
113,1,3,Person_112,male,30.28453478227722,0,0,80.84,S
114,1,3,Person_113,female,32.531365549973486,0,0,10.1,S
115,1,3,Person_114,male,,0,2,14.81,S
116,1,3,Person_115,male,32.00598456438737,1,0,26.93,C
117,1,3,Person_116,male,51.09365280587058,0,0,68.31,S
118,0,2,Person_117,female,42.79629559861306,0,0,91.06,C
119,1,3,Person_118,male,41.168164294956554,0,0,43.05,S
120,0,1,Person_119,male,22.62244663566581,0,0,2.9,S
121,1,3,Person_120,female,16.55062840480346,1,0,35.4,S
122,1,3,Person_121,male,42.37420781532854,0,0,16.9,S
123,0,1,Person_122,female,41.26465509541712,1,0,20.36,S
124,0,3,Person_123,male,,0,0,1.61,C
125,0,3,Person_124,female,20.544271236430788,0,0,6.79,S
126,0,1,Person_125,male,25.786318824955142,2,2,50.02,S
127,1,3,Person_126,male,,0,0,19.36,S
128,1,3,Person_127,male,23.50540451514778,1,0,11.49,S
129,0,1,Person_128,male,42.95198714811226,0,0,15.51,S
130,0,3,Person_129,female,22.46906469080523,1,0,61.66,S
131,0,2,Person_130,female,37.96671713281153,0,0,44.23,S
132,0,3,Person_131,male,26.33295651603064,0,2,10.17,S
133,0,3,Person_132,male,33.53679839510185,1,0,4.0,Q
134,0,3,Person_133,female,12.932320542580658,2,2,9.29,S
135,1,3,Person_134,female,,1,0,81.13,C
136,0,3,Person_135,male,1.0,1,0,27.88,S
137,0,3,Person_136,male,26.38345378573221,1,2,24.4,S
138,1,2,Person_137,male,6.1733745879880395,0,0,29.03,S
139,0,3,Person_138,female,45.88392323165542,0,2,14.58,S
140,1,1,Person_139,male,39.88370293870316,0,0,52.66,C
141,1,3,Person_140,male,,0,2,23.71,S
142,0,1,Person_141,male,50.29408718023132,0,0,3.97,S
143,0,1,Person_142,female,15.715168708452278,0,0,4.42,C
144,0,1,Person_143,male,53.463084770817815,0,0,24.63,S
145,0,3,Person_144,male,,1,0,88.25,S
146,0,2,Person_145,male,,0,0,11.8,S
147,0,3,Person_146,male,44.898682060561214,0,0,65.17,C
148,0,1,Person_147,male,13.51189082623712,0,0,46.22,S
149,0,2,Person_148,male,17.45680173861257,1,0,9.11,S
150,0,3,Person_149,male,20.479743874644193,1,1,1.18,S
151,1,3,Person_150,male,21.594312087103788,0,0,3.44,Q
152,0,2,Person_151,male,14.208193001356461,0,0,41.72,S
153,0,3,Person_152,female,46.12316293933455,0,0,7.13,S
154,0,3,Person_153,female,25.376038394822356,0,0,14.85,S
155,1,3,Person_154,male,,0,0,22.29,Q
156,0,1,Person_155,female,21.01508087020847,0,0,41.37,C
157,1,1,Person_156,male,,0,2,3.85,
158,1,3,Person_157,male,32.78080301747991,0,1,16.69,S
159,0,1,Person_158,male,2.228430344123126,2,0,21.24,S
160,1,3,Person_159,male,,2,0,24.91,S
161,0,3,Person_160,female,9.843589456340652,0,0,54.58,C
162,1,3,Person_161,female,56.82186398923131,0,0,6.03,S
163,1,3,Person_162,female,41.759078110446104,0,0,52.78,S
164,0,3,Person_163,male,30.480553077800725,0,0,37.78,C
165,0,2,Person_164,male,,2,0,25.97,S
166,1,3,Person_165,male,17.151576315479698,0,0,38.48,S
167,0,2,Person_166,male,36.608711301381305,1,0,16.99,S
168,0,3,Person_167,male,31.797346072061988,0,2,4.77,S
169,0,3,Person_168,male,32.69628113867138,3,0,35.07,C
170,0,3,Person_169,male,46.81294900149475,0,1,23.8,S
171,1,3,Person_170,male,39.25488943891723,1,2,32.64,S
172,0,3,Person_171,female,33.042131279550325,0,0,13.2,S
173,0,2,Person_172,female,5.831575892803855,0,0,75.96,S
174,0,2,Person_173,female,15.559351866087507,0,0,28.33,S
175,1,3,Person_174,male,27.282074929659863,0,2,2.86,S
176,0,1,Person_175,male,30.307213239873118,2,2,19.12,S
177,1,1,Person_176,male,13.177147854565067,2,0,45.19,S
178,0,2,Person_177,female,62.7634734580979,1,0,50.58,S
179,1,2,Person_178,male,50.22951677355002,0,1,21.84,S
180,0,2,Person_179,male,,1,0,72.04,C
181,0,1,Person_180,female,30.008516057972425,0,1,9.97,S
182,0,1,Person_181,male,,0,2,16.92,C
183,1,1,Person_182,male,15.673141559688702,0,0,73.24,S
184,1,3,Person_183,male,30.084727259264074,0,0,72.51,S
185,0,2,Person_184,male,,0,0,37.04,S
186,1,2,Person_185,male,,0,0,62.68,S
187,1,3,Person_186,male,,0,0,2.97,S
188,0,1,Person_187,male,26.826373316453516,1,1,64.08,S
189,0,3,Person_188,male,2.2906941897165254,0,2,12.37,Q
190,0,3,Person_189,female,16.95460984908697,0,2,6.29,S
191,0,1,Person_190,male,23.20952253209698,0,0,8.76,S
192,1,2,Person_191,male,55.427627202762665,0,1,17.32,C
193,1,3,Person_192,male,36.791743743472615,0,0,9.26,S
194,1,3,Person_193,female,10.30325803260152,0,0,12.37,C
195,0,3,Person_194,male,35.804508051846916,0,0,4.64,S
196,0,3,Person_195,male,7.337744154862882,1,0,11.24,Q
197,1,1,Person_196,female,44.15767475441903,0,2,27.18,S
198,1,3,Person_197,female,22.4042548745497,1,0,18.66,S
199,1,1,Person_198,male,27.689093357651608,0,0,13.62,S
200,1,3,Person_199,female,47.56115306559066,0,0,43.91,S
201,1,3,Person_200,male,10.9797100398205,1,0,71.67,S
202,0,3,Person_201,male,9.440345408418121,0,0,45.24,S
203,0,3,Person_202,male,20.82960943115593,0,0,12.91,S
204,1,1,Person_203,male,43.53730391427043,1,0,43.66,S
205,0,1,Person_204,female,7.7291549433242075,0,0,5.28,C
206,0,1,Person_205,male,1.0,1,1,4.47,C
207,0,1,Person_206,male,,0,0,13.57,S
208,1,3,Person_207,female,36.724371198752884,1,0,52.76,S
209,0,2,Person_208,female,45.803664496343615,0,0,9.05,C
210,0,1,Person_209,male,22.515740930804412,0,0,2.09,S
211,0,3,Person_210,male,,0,0,4.52,C
212,1,3,Person_211,male,,0,0,62.63,Q
213,1,3,Person_212,female,2.8236162042641126,0,2,32.14,S
214,0,3,Person_213,female,23.56070914743787,0,0,9.34,C
215,1,1,Person_214,female,31.665934458950808,0,1,25.93,S
216,0,2,Person_215,male,35.28906209799048,0,2,24.0,S
217,0,3,Person_216,male,21.862706295327644,0,0,34.1,S
218,1,3,Person_217,male,29.48217416388178,2,0,8.5,S
219,1,1,Person_218,male,1.0,0,0,63.94,C
220,1,3,Person_219,male,19.78452222732612,0,2,11.84,S
221,1,1,Person_220,female,35.34912197576254,0,2,37.91,S
222,0,1,Person_221,male,,0,0,0.52,S
223,0,3,Person_222,male,29.825779102254362,2,1,14.92,S
224,0,3,Person_223,female,35.25621501123777,0,0,13.87,Q
225,0,3,Person_224,male,24.20431118799129,2,2,25.09,S
226,0,1,Person_225,female,31.386492793951994,0,2,2.42,S
227,1,3,Person_226,male,,1,0,49.96,S
228,0,2,Person_227,male,,0,0,7.86,S
229,1,1,Person_228,male,37.543026374249116,1,0,36.17,S
230,1,3,Person_229,male,,0,0,52.02,S
231,1,3,Person_230,female,20.7885622261049,0,1,26.41,S
232,0,3,Person_231,male,32.1390296600711,0,0,43.22,S
233,0,3,Person_232,male,,0,0,34.7,C
234,0,3,Person_233,male,1.0,2,0,14.06,S
235,0,3,Person_234,male,45.22703690938257,0,2,52.95,S
236,1,1,Person_235,female,24.292433658464994,0,0,11.17,S
237,0,2,Person_236,male,34.956859065363226,1,0,27.1,C
238,0,2,Person_237,female,45.761456931033194,0,0,43.78,C
239,1,2,Person_238,female,,2,2,15.24,C
240,0,3,Person_239,male,19.067825966014347,1,1,11.54,S
241,1,3,Person_240,female,24.960318257740134,0,0,19.68,
242,1,1,Person_241,male,18.027450704258,1,0,54.51,S
243,1,1,Person_242,male,53.289112061715315,0,0,85.06,S
244,0,3,Person_243,male,17.005190686424903,0,0,25.2,
245,0,1,Person_244,female,21.222345087183868,0,0,34.66,S
246,1,3,Person_245,female,31.861446442441675,0,2,74.75,S
247,0,3,Person_246,male,12.169906634934755,1,0,3.32,S
248,1,3,Person_247,female,23.460470035412307,2,1,8.45,S
249,1,3,Person_248,male,33.44434565750245,0,0,39.49,C
250,1,3,Person_249,male,24.339954338644844,0,0,55.55,S
251,0,2,Person_250,male,,2,0,62.24,S
252,0,3,Person_251,female,21.589350425722806,0,0,17.16,S
253,1,3,Person_252,male,7.797415671469263,0,0,2.99,S
254,0,2,Person_253,male,33.50230495874934,0,0,18.43,S
255,0,3,Person_254,male,53.56906300306138,1,0,8.39,S
256,0,3,Person_255,male,29.257622830968135,0,0,11.01,S
257,1,3,Person_256,male,32.15369764146569,1,0,47.35,S
258,1,3,Person_257,male,38.69811857163603,1,2,2.51,C
259,0,3,Person_258,female,11.229373048346211,0,0,56.25,S
260,0,3,Person_259,male,,0,1,17.86,S
261,0,3,Person_260,male,31.83260314991923,1,0,29.01,S
262,1,3,Person_261,male,51.84599658724753,0,1,3.01,S
263,0,3,Person_262,female,,1,0,13.17,C
264,0,3,Person_263,female,54.45286691580955,2,1,3.01,Q
265,1,3,Person_264,male,39.85217691648697,0,0,104.26,S
266,1,1,Person_265,female,36.742561201933015,1,0,52.69,C
267,1,3,Person_266,male,,1,0,19.7,S
268,1,3,Person_267,male,25.52059934695771,1,0,8.1,S
269,0,1,Person_268,male,45.80744321863422,0,0,86.72,S
270,0,3,Person_269,male,30.965038177872657,0,0,13.52,S
271,1,1,Person_270,male,1.4610241497798668,0,0,5.62,S
272,1,2,Person_271,female,13.359389536101967,0,1,26.5,C
273,1,3,Person_272,female,,0,0,92.11,S
274,1,1,Person_273,female,33.339985764317774,1,0,0.12,C
275,0,3,Person_274,male,28.207761155401457,0,0,8.7,C
276,0,3,Person_275,male,46.065591057111284,0,0,89.21,S
277,1,3,Person_276,female,1.6845739034592526,0,0,6.0,S
278,1,1,Person_277,male,31.010231111072244,1,0,3.85,S
279,1,2,Person_278,male,3.548290844579835,0,2,27.02,Q
280,1,3,Person_279,male,39.635972136778356,0,1,63.34,S
281,1,3,Person_280,female,27.677577997811962,0,1,20.75,S
282,0,3,Person_281,male,34.874539608337656,1,0,166.87,S
283,0,2,Person_282,male,16.905638551743273,0,1,36.38,S
284,0,3,Person_283,female,46.912509043208516,0,0,2.46,S
285,0,3,Person_284,male,43.58414529682392,2,0,158.02,S
286,0,3,Person_285,male,37.16962024216643,1,0,16.77,S
287,0,1,Person_286,male,27.18675854391183,2,0,10.84,S
288,0,3,Person_287,male,,0,0,26.12,S
289,0,3,Person_288,female,19.103504048177115,0,0,11.61,S
290,0,3,Person_289,male,40.97777922628997,1,0,2.89,S
291,0,2,Person_290,male,52.092732520534895,0,0,0.05,S
292,0,3,Person_291,female,43.98854783970861,1,0,19.11,S
293,1,3,Person_292,female,18.785565422696266,0,0,58.02,S
294,0,1,Person_293,female,34.05984244182344,0,0,27.18,S
295,0,3,Person_294,male,10.89601838737893,0,0,228.48,S
296,0,3,Person_295,male,37.01346435645946,0,1,10.82,S
297,1,1,Person_296,female,35.30844778007555,0,0,10.53,S
298,0,2,Person_297,female,2.8225712465497033,0,0,5.57,S
299,1,3,Person_298,male,,3,0,5.73,C
300,0,1,Person_299,male,25.03605544558726,0,0,10.74,C
301,0,3,Person_300,male,24.787963540028432,0,1,50.38,C
302,0,2,Person_301,female,12.067322904136727,1,0,75.58,S
303,0,3,Person_302,male,,0,0,118.16,S
304,1,1,Person_303,male,32.52063052516717,0,1,8.46,S
305,1,3,Person_304,male,,1,0,68.2,S
306,1,3,Person_305,female,18.418918997782917,0,0,12.73,S
307,0,3,Person_306,female,43.68189976983189,1,0,3.83,S
308,0,3,Person_307,male,52.17569958323614,1,0,65.29,C
309,1,1,Person_308,female,22.23013922614848,3,0,32.35,S
310,0,3,Person_309,female,20.429663159832508,0,0,5.76,S
311,0,1,Person_310,male,35.87690731576795,0,2,17.98,S
312,0,1,Person_311,male,23.987588683542192,0,0,10.84,S
313,0,2,Person_312,male,27.04843919071472,0,0,42.71,S
314,1,3,Person_313,female,,1,0,19.33,C
315,1,3,Person_314,male,2.269014774897901,0,2,145.14,S
316,1,3,Person_315,male,47.45623254793737,0,1,1.8,C
317,0,2,Person_316,female,30.01752734061078,1,0,14.03,S
318,0,2,Person_317,male,,0,0,21.04,C
319,0,3,Person_318,female,27.750721840899715,0,0,22.38,S
320,0,2,Person_319,male,28.474010970287264,0,0,12.15,S
321,0,3,Person_320,male,4.763181751771043,1,0,41.81,S
322,1,1,Person_321,female,,0,0,66.48,C
323,1,3,Person_322,female,29.57855885178866,1,0,89.35,Q
324,0,3,Person_323,male,,0,2,52.33,S
325,1,1,Person_324,female,42.3216967880366,1,0,60.83,S
326,1,1,Person_325,female,14.703725594155797,1,2,25.59,Q
327,0,3,Person_326,male,35.6286065864932,0,0,55.94,S
328,0,3,Person_327,female,25.25302472741689,0,0,11.57,S
329,0,2,Person_328,male,40.85479085303091,0,0,16.27,S
330,0,3,Person_329,male,1.0,1,0,12.2,S
331,0,1,Person_330,male,27.612679796622235,0,0,20.16,C
332,1,2,Person_331,female,20.560510819024536,0,0,10.76,C
333,0,3,Person_332,female,35.05168130887817,0,0,104.32,S
334,0,2,Person_333,male,35.580618623154834,0,0,12.01,S
335,0,3,Person_334,male,,0,1,3.3,C
336,0,2,Person_335,male,19.029565901535392,0,0,23.94,S
337,1,2,Person_336,male,,0,0,1.88,C
338,1,3,Person_337,female,16.447008817587086,1,0,3.75,S
339,0,2,Person_338,female,40.78777173632977,0,2,7.93,S
340,0,3,Person_339,male,23.831099193735753,0,0,19.98,Q
341,0,1,Person_340,female,1.0,2,0,18.17,S
342,0,1,Person_341,male,23.752491207294714,1,0,51.45,S
343,0,1,Person_342,female,14.460386508184387,2,0,43.04,S
344,0,3,Person_343,female,6.1621385835467635,0,2,17.78,S
345,0,2,Person_344,male,11.676027064883986,0,0,12.99,S
346,0,3,Person_345,male,,0,0,12.18,
347,1,3,Person_346,female,47.60097159547524,1,0,47.59,C
348,0,3,Person_347,male,33.38458263410972,0,0,1.71,S
349,0,1,Person_348,male,20.508952564979644,0,2,0.41,S
350,1,3,Person_349,male,35.382658732389835,0,0,50.8,S
351,0,3,Person_350,male,22.572735656934114,0,0,20.75,S
352,1,3,Person_351,male,,0,0,4.49,S
353,1,3,Person_352,female,12.838922644738219,0,0,8.6,C
354,0,3,Person_353,female,4.474396705475932,0,1,86.26,S
355,0,3,Person_354,male,23.541068108167764,0,0,62.8,C
356,1,1,Person_355,female,31.212748858881845,2,0,39.59,S
357,0,1,Person_356,male,27.647268619791543,1,2,21.06,S
358,0,3,Person_357,female,,2,0,23.51,S
359,1,3,Person_358,female,15.759555150245063,1,0,118.36,S
360,0,3,Person_359,male,37.51544668358956,0,0,107.99,S
361,0,3,Person_360,female,,0,2,7.76,Q
362,1,1,Person_361,male,39.86439079380865,0,0,53.33,S
363,0,1,Person_362,male,14.968961735025854,0,0,7.03,Q
364,0,3,Person_363,female,18.46590667705751,0,0,7.69,S
365,1,2,Person_364,male,8.465007331380523,0,0,36.07,Q
366,0,1,Person_365,male,,0,0,16.61,S
367,1,3,Person_366,male,42.6543744186917,0,0,85.81,Q
368,1,1,Person_367,female,,0,0,2.98,S
369,0,3,Person_368,male,42.69790956839249,0,0,22.93,C
370,0,2,Person_369,male,,1,0,80.24,C
371,0,3,Person_370,female,13.548622400574832,0,1,75.03,S
372,0,2,Person_371,female,24.3689508594142,0,2,5.45,S
373,0,3,Person_372,male,18.077212192355525,0,0,14.61,S
374,1,1,Person_373,male,47.62804865654657,0,0,30.89,Q
375,0,1,Person_374,male,12.244958950031638,0,0,5.56,S
376,0,2,Person_375,male,41.511767651447556,0,0,110.17,S
377,1,3,Person_376,male,41.50135418152277,0,1,78.79,S
378,0,3,Person_377,female,54.61468282402522,0,0,5.85,S
379,1,2,Person_378,female,23.264387703187037,2,0,4.13,C
380,0,3,Person_379,male,38.97251023412227,2,1,2.86,S
381,0,3,Person_380,male,60.9431257115438,0,0,76.86,S
382,1,3,Person_381,female,20.353016522928247,0,0,6.89,Q
383,1,1,Person_382,male,7.509436534546964,1,0,17.23,S
384,1,3,Person_383,female,2.6798595252913096,0,0,19.06,S
385,1,1,Person_384,male,,0,0,29.24,S
386,1,2,Person_385,male,,0,1,2.38,S
387,0,3,Person_386,female,23.787533258869082,2,1,8.23,S
388,0,1,Person_387,male,35.12238461854545,0,0,85.78,C
389,1,3,Person_388,female,,0,2,76.49,S
390,1,3,Person_389,male,34.956228098578414,1,0,48.64,S
391,1,3,Person_390,male,32.112057981211954,0,1,0.63,S
392,0,3,Person_391,female,46.9041213863875,0,0,12.67,S
393,0,1,Person_392,male,15.667570669656842,3,2,31.64,C
394,1,2,Person_393,female,,0,2,10.3,S
395,0,3,Person_394,male,18.182767766208464,0,0,76.91,S
396,1,1,Person_395,male,40.62268536607654,0,2,32.15,S
397,1,2,Person_396,female,41.60558023753089,0,1,2.39,S
398,0,1,Person_397,male,35.317154470459116,0,1,76.7,S
399,1,1,Person_398,male,45.56891133645899,0,0,101.27,S
400,1,2,Person_399,male,12.507427856730672,0,1,2.59,S
401,0,1,Person_400,male,52.34113756171592,1,1,24.32,C
402,1,3,Person_401,male,50.32534070397162,0,0,11.57,S
403,0,3,Person_402,female,39.298707961440456,0,2,15.97,C
404,1,3,Person_403,female,53.945184722794835,0,0,6.34,C
405,0,1,Person_404,female,,1,0,27.61,S
406,1,1,Person_405,female,,0,0,101.43,S
407,0,1,Person_406,female,18.705751550452668,0,0,22.38,S
408,0,3,Person_407,female,39.100710532602804,0,0,2.77,S
409,1,3,Person_408,male,14.298029645569962,0,0,30.96,S
410,0,1,Person_409,female,39.6049320907248,0,2,13.31,S
411,0,3,Person_410,female,48.187506015953986,1,0,62.0,S
412,1,1,Person_411,male,38.732840601175994,0,0,18.25,S
413,1,3,Person_412,male,32.97251433126102,0,0,6.86,S
414,0,3,Person_413,male,15.169773227389511,0,0,6.79,S
415,1,3,Person_414,male,,1,2,46.86,S
416,0,3,Person_415,female,46.494664674153334,0,0,9.88,S
417,0,3,Person_416,male,39.91088605467465,0,1,46.65,S
418,0,2,Person_417,male,28.453726728714383,0,0,7.38,S
419,1,3,Person_418,female,23.149266359277533,0,0,12.42,S
420,1,1,Person_419,male,1.0,0,0,20.04,S
421,1,3,Person_420,male,14.008066138417856,0,0,91.78,S
422,1,3,Person_421,male,,0,0,85.9,S
423,0,3,Person_422,female,11.073622005965465,0,0,7.42,C
424,0,3,Person_423,female,31.65271749709513,0,0,14.19,C
425,0,3,Person_424,male,,0,1,5.18,S
426,0,3,Person_425,female,,0,0,22.83,S
427,0,3,Person_426,male,31.585946646935167,1,0,19.75,S
428,1,1,Person_427,female,,2,0,73.93,C
429,0,1,Person_428,female,29.174990506701505,3,0,85.1,S
430,0,2,Person_429,female,69.15764277933476,1,1,15.48,Q
431,0,1,Person_430,male,5.639610375705267,0,0,21.66,S
432,1,3,Person_431,female,43.8221994183743,1,0,72.5,S
433,0,1,Person_432,female,26.5807756764495,0,2,52.59,Q
434,0,3,Person_433,male,39.806882167713454,0,0,0.12,S
435,0,2,Person_434,female,,0,0,12.34,S
436,1,1,Person_435,male,18.735813240460047,0,0,17.53,S
437,0,3,Person_436,female,32.20594949443076,1,0,8.35,S
438,1,3,Person_437,male,2.98937968042398,0,1,7.12,S
439,1,3,Person_438,female,37.445465007999516,0,1,1.23,S
440,0,3,Person_439,male,33.17421852386736,2,2,32.99,C
441,0,3,Person_440,male,,0,0,9.74,S
442,1,1,Person_441,male,,0,0,1.72,Q
443,0,3,Person_442,male,34.14667776293595,2,0,8.4,S
444,0,3,Person_443,male,31.073251877175867,0,0,51.81,S
445,1,3,Person_444,male,,0,0,61.03,S
446,1,1,Person_445,male,19.028909308913285,0,0,21.11,S
447,1,3,Person_446,male,45.614284682482634,0,0,17.22,S
448,1,1,Person_447,male,49.108695679883695,1,0,121.92,Q
449,0,1,Person_448,female,25.666453891631242,0,1,7.16,S
450,0,2,Person_449,male,,0,1,7.76,S
451,1,3,Person_450,female,16.335398750087275,0,0,11.04,S
452,0,3,Person_451,female,45.41859583374423,0,0,6.07,S
453,0,3,Person_452,female,38.315835531684904,2,0,15.26,C
454,1,3,Person_453,male,56.17704411049249,0,1,77.35,S
455,0,2,Person_454,female,,0,0,30.57,S
456,0,2,Person_455,male,23.707889413744958,0,0,16.99,S
457,0,2,Person_456,male,32.24024291535801,1,0,87.18,S
458,0,3,Person_457,male,38.050853528160786,2,0,1.59,S
459,0,1,Person_458,female,25.980653074333148,0,0,7.55,S
460,0,3,Person_459,male,16.778544733648197,0,1,26.7,S
461,0,3,Person_460,male,41.339705404929994,0,0,30.59,S
462,1,2,Person_461,female,39.09589507563814,1,0,1.29,S
463,1,3,Person_462,female,16.172162592107853,0,0,16.51,Q
464,0,3,Person_463,male,47.97619921547694,1,0,33.52,C
465,1,3,Person_464,male,45.38278192875245,0,1,38.32,S
466,0,3,Person_465,female,30.8801509614691,1,0,32.53,S
467,0,2,Person_466,male,,0,1,12.37,S
468,1,2,Person_467,male,36.7568087956227,0,0,3.14,S
469,0,3,Person_468,male,16.936157016412388,0,0,17.83,C
470,1,3,Person_469,female,29.42044070829715,0,0,4.41,S
471,0,1,Person_470,female,1.0,1,0,94.38,C
472,1,3,Person_471,female,41.270379037041096,1,0,20.63,Q
473,0,3,Person_472,female,7.139094885813968,0,0,12.21,S
474,1,3,Person_473,male,50.04787759800598,0,0,46.52,S
475,0,1,Person_474,male,24.378318684469697,0,0,22.05,S
476,1,3,Person_475,male,26.036662252963524,1,1,11.88,S
477,0,3,Person_476,male,20.21172531481692,0,2,53.48,S
478,0,1,Person_477,male,24.967455765090932,0,0,64.59,S
479,1,1,Person_478,female,48.85943883207251,0,2,35.77,C
480,0,3,Person_479,male,1.0,0,0,1.54,S
481,1,1,Person_480,female,46.87751540523463,0,0,26.73,S
482,1,3,Person_481,male,33.73232873542391,0,1,46.11,S
483,0,3,Person_482,male,12.101696929998983,0,0,4.7,S
484,1,2,Person_483,male,13.94562649731067,3,0,8.31,S
485,0,3,Person_484,male,,0,0,68.52,C
486,1,2,Person_485,female,15.762903680801763,0,1,0.65,S
487,0,3,Person_486,male,12.85309285165657,0,1,44.71,S
488,0,2,Person_487,male,44.92240359310621,1,0,20.54,S
489,1,3,Person_488,male,,0,0,18.94,S
490,1,1,Person_489,male,15.869041928490416,0,0,0.23,C
491,0,2,Person_490,male,32.03274965566467,0,0,54.77,S
492,1,3,Person_491,female,,0,0,14.27,C
493,0,2,Person_492,female,44.41149957791647,0,1,24.9,S
494,0,3,Person_493,male,43.85919350822387,1,0,36.19,S
495,0,2,Person_494,female,,1,0,38.81,S
496,0,3,Person_495,male,34.06325485745823,0,0,99.94,S
497,0,1,Person_496,male,53.656633748143236,0,0,24.25,S
498,0,3,Person_497,male,28.995608583435153,2,2,16.33,C
499,1,3,Person_498,male,12.453762244108784,0,0,98.33,S
500,1,1,Person_499,male,,1,0,32.88,S
501,1,1,Person_500,male,,0,0,11.33,S
502,0,1,Person_501,male,,2,0,4.33,S
503,0,3,Person_502,male,,1,0,59.16,S
504,1,2,Person_503,male,34.830244533420334,2,0,14.39,S
505,1,3,Person_504,female,28.245332113919652,0,0,34.57,S
506,0,2,Person_505,male,15.247749874717595,0,0,20.37,S
507,1,2,Person_506,male,44.706009987226594,2,0,7.1,S
508,1,3,Person_507,male,,0,0,29.46,S
509,1,3,Person_508,male,31.745840426334702,0,2,2.0,S
510,1,1,Person_509,male,16.343043943695996,1,0,17.07,S
511,0,1,Person_510,male,7.31455264925135,1,0,25.31,Q
512,0,1,Person_511,male,32.611663737096535,2,0,18.33,S
513,1,3,Person_512,male,44.45428280642761,0,0,44.19,S
514,1,3,Person_513,male,35.65234845093534,1,0,56.31,S
515,0,3,Person_514,male,28.966346227136047,1,0,47.2,S
516,0,3,Person_515,male,20.750196874949715,0,0,1.27,C
517,0,3,Person_516,male,13.709709141946744,0,0,6.91,S
518,1,3,Person_517,male,40.68651856854835,0,0,24.61,Q
519,1,3,Person_518,female,41.7928026993982,0,1,87.38,C
520,0,1,Person_519,male,7.359782986329737,3,0,57.65,S
521,0,1,Person_520,male,51.257745694529575,0,0,59.15,S
522,0,2,Person_521,male,37.03699709251602,1,0,11.56,S
523,1,1,Person_522,female,48.59432503204111,3,0,17.96,S
524,1,3,Person_523,male,10.21021152120839,0,0,20.36,S
525,1,3,Person_524,male,9.878461824183855,1,1,5.48,S
526,0,1,Person_525,male,,0,0,1.01,S
527,0,1,Person_526,male,36.03898197653272,1,1,93.94,S
528,0,3,Person_527,male,54.149051520977494,0,0,8.81,S
529,0,3,Person_528,male,38.88510479341184,2,0,8.78,C
530,1,2,Person_529,female,,0,0,2.79,S
531,1,3,Person_530,male,14.63083109267751,0,2,84.42,C
532,1,1,Person_531,female,46.2200080180681,1,0,27.74,S
533,1,1,Person_532,female,15.494124039489993,0,0,35.19,S
534,0,3,Person_533,male,51.7985597668125,0,0,77.62,S
535,1,3,Person_534,male,25.01861490550887,0,0,13.57,S
536,1,1,Person_535,male,51.2681490166499,1,0,31.09,S
537,1,3,Person_536,male,38.5050380608299,0,2,1.27,S
538,0,3,Person_537,male,,0,2,6.62,C
539,0,3,Person_538,female,21.728450794434227,0,0,56.94,S
540,0,3,Person_539,female,,0,2,46.58,S
541,1,3,Person_540,male,34.99643369325332,0,0,13.82,C
542,0,3,Person_541,male,30.080190947048035,0,0,15.13,S
543,0,3,Person_542,female,,0,0,24.4,S
544,1,1,Person_543,female,,0,0,0.01,S
545,0,1,Person_544,female,,0,2,8.83,C
546,0,2,Person_545,male,1.0,1,0,7.47,S
547,0,3,Person_546,male,35.41435360704178,0,0,9.23,S
548,1,1,Person_547,male,15.283902853964705,0,0,52.46,S
549,0,3,Person_548,male,,0,0,10.5,C
550,1,3,Person_549,male,,0,0,6.8,S
551,0,1,Person_550,male,,1,2,22.45,
552,1,3,Person_551,female,,0,1,64.23,S
553,0,2,Person_552,male,19.073706593173135,0,1,8.84,C
554,0,3,Person_553,male,56.34562792537196,0,0,2.62,S
555,1,1,Person_554,male,21.637684537467145,1,0,14.1,S
556,0,3,Person_555,male,,0,0,44.06,C
557,0,3,Person_556,male,34.606739411088604,0,0,25.6,S
558,0,3,Person_557,male,30.83491260702188,0,0,54.31,S
559,1,3,Person_558,female,27.91579154983609,3,0,102.68,S
560,1,3,Person_559,male,12.265887309610576,0,0,50.35,S
561,1,3,Person_560,male,,0,0,29.63,S
562,0,3,Person_561,male,54.30075301093039,1,0,21.76,S
563,0,3,Person_562,female,5.442778282282401,1,0,1.31,S
564,0,1,Person_563,female,14.663599727590686,0,0,132.98,S
565,0,3,Person_564,female,25.082655206721917,1,2,15.48,S
566,0,3,Person_565,male,15.496470871257321,1,0,5.28,S
567,0,3,Person_566,male,36.083517748382114,0,1,35.16,S
568,0,1,Person_567,male,18.804189166307417,0,0,10.7,S
569,1,3,Person_568,male,59.31078494929243,0,0,28.2,S
570,0,2,Person_569,female,45.66768032081035,2,0,28.28,Q
571,0,3,Person_570,male,31.97603642885101,1,1,18.88,S
572,1,1,Person_571,female,43.37780768647625,0,1,57.88,C
573,0,3,Person_572,female,,1,0,9.85,C
574,1,3,Person_573,male,21.104735167184593,0,0,19.05,C
575,1,1,Person_574,female,17.572958576412493,0,0,24.69,S
576,1,3,Person_575,male,30.094002881575065,0,0,34.86,C
577,0,2,Person_576,male,41.06290574297122,0,2,49.04,C
578,1,3,Person_577,male,30.946845581147848,1,0,16.07,S
579,0,3,Person_578,male,,0,0,33.23,S
580,0,3,Person_579,male,17.760457784688207,1,0,5.22,S
581,0,3,Person_580,male,,0,0,86.33,S
582,1,3,Person_581,male,27.940681539438376,0,0,15.46,S
583,0,2,Person_582,male,,3,0,41.84,S
584,0,2,Person_583,male,9.596168806414028,0,0,0.66,S
585,1,3,Person_584,male,36.07824938570224,0,0,7.35,S
586,0,3,Person_585,male,49.84758351659605,0,0,21.36,S
587,0,3,Person_586,male,60.800296435919144,1,1,67.39,S
588,0,3,Person_587,female,23.338436075424543,0,0,23.97,C
589,0,2,Person_588,female,35.8800123380828,0,0,85.04,S
590,0,3,Person_589,female,36.976645000781055,0,0,21.16,S
591,0,1,Person_590,female,,0,0,21.58,S
592,1,3,Person_591,male,27.616167182649715,1,0,4.08,S
593,0,1,Person_592,female,,0,0,51.93,C
594,0,2,Person_593,male,1.0,0,0,9.08,Q
595,1,2,Person_594,male,38.54897286087684,0,2,73.56,S
596,0,2,Person_595,female,30.76649065126754,0,0,77.35,Q
597,1,3,Person_596,male,25.885351445104284,2,0,91.85,S
598,0,2,Person_597,female,57.65607074007381,0,0,23.5,S
599,0,2,Person_598,female,,3,0,36.17,S
600,0,1,Person_599,female,23.35693615308957,0,0,48.24,C
601,0,2,Person_600,female,56.88174623086628,0,1,4.49,S
602,0,1,Person_601,male,17.351141732102008,1,0,29.4,S
603,0,1,Person_602,male,21.298386038888456,0,0,1.12,C
604,0,3,Person_603,male,26.9416440719681,1,0,22.03,S
605,0,3,Person_604,male,40.77028274981369,3,0,5.38,S
606,0,3,Person_605,male,31.909235102946386,0,0,6.46,C
607,0,3,Person_606,female,10.903245139868325,0,0,14.53,S
608,0,2,Person_607,female,21.549640116219347,1,0,18.12,S
609,0,3,Person_608,male,,0,0,31.23,S
610,1,3,Person_609,male,27.91890536687736,0,0,2.48,S
611,0,3,Person_610,male,34.96181122081761,0,2,22.42,S
612,1,1,Person_611,male,34.85488058243161,0,0,6.45,S
613,1,2,Person_612,female,,1,1,27.3,S
614,0,2,Person_613,male,43.895173825851984,0,1,32.46,S
615,1,2,Person_614,male,32.53596384395273,0,0,26.03,C
616,1,3,Person_615,male,48.38344866631469,0,0,42.9,Q
617,0,3,Person_616,male,35.21877658206941,0,0,13.08,S
618,0,3,Person_617,male,,0,0,46.36,S
619,1,3,Person_618,male,35.53163436030178,1,0,18.14,C
620,1,3,Person_619,male,47.84716058683847,0,1,21.18,S
621,0,3,Person_620,male,36.311508904248896,1,2,33.42,S
622,0,3,Person_621,male,27.629186549799343,1,0,0.59,Q
623,0,1,Person_622,female,,0,0,33.96,C
624,0,1,Person_623,male,41.44651971191849,0,0,30.84,C
625,0,1,Person_624,male,,0,1,11.87,S
626,0,3,Person_625,male,11.131738168463297,0,0,2.87,S
627,0,3,Person_626,female,10.963693355510472,1,0,3.05,S
628,1,2,Person_627,male,33.098016749985945,1,0,82.14,S
629,0,3,Person_628,female,31.037296768755372,0,0,37.4,S
630,0,1,Person_629,male,20.402284089883572,0,2,4.35,S
631,1,3,Person_630,male,30.97375779456884,2,0,14.12,C
632,1,2,Person_631,male,51.24077699261034,2,0,28.73,C
633,0,1,Person_632,male,38.73563464370418,0,2,57.77,S
634,0,3,Person_633,female,13.025880863461664,0,0,1.43,C
635,0,2,Person_634,male,,0,0,8.64,C
636,0,2,Person_635,male,17.730469268064148,2,0,70.56,S
637,0,2,Person_636,male,23.572201170280145,0,0,0.29,S
638,0,3,Person_637,male,23.209380681185003,0,0,7.2,S
639,0,3,Person_638,male,22.312961843543928,0,0,102.23,S
640,0,2,Person_639,male,11.428104792372473,0,0,30.41,S
641,0,3,Person_640,female,,0,0,9.71,S
642,0,3,Person_641,male,21.151493084137662,3,1,2.22,S
643,0,2,Person_642,male,1.0,0,1,0.92,S
644,0,2,Person_643,female,57.74160834302328,0,0,8.98,C
645,0,1,Person_644,male,,0,0,68.25,S
646,1,1,Person_645,female,23.731789851050056,0,0,17.21,C
647,0,3,Person_646,male,29.26346669636838,0,0,40.77,S
648,1,1,Person_647,female,12.596839137554134,0,1,80.14,S
649,1,3,Person_648,male,,0,0,16.78,Q
650,0,3,Person_649,female,55.562041726823566,0,0,6.79,S
651,0,1,Person_650,female,31.193712195451344,0,0,23.3,S
652,0,3,Person_651,male,43.32942901859482,0,0,76.38,C
653,0,2,Person_652,female,31.454014905074935,2,0,52.21,S
654,1,3,Person_653,male,10.285843855736971,2,0,2.18,S
655,0,3,Person_654,male,23.2344728345088,0,2,37.74,S
656,0,3,Person_655,male,,0,1,27.15,C
657,0,3,Person_656,male,22.63633193759178,1,0,76.16,S
658,0,1,Person_657,male,25.938854115909496,0,0,4.18,S
659,1,3,Person_658,male,27.720406194872396,1,2,24.44,S
660,0,3,Person_659,male,,2,0,67.71,S
661,0,3,Person_660,female,,0,0,16.89,C
662,1,3,Person_661,female,14.151529070447587,0,0,21.05,S
663,0,3,Person_662,male,18.96177391220889,2,1,2.34,S
664,0,1,Person_663,male,11.01582028020043,0,0,10.43,S
665,0,1,Person_664,male,42.68941769560681,0,0,12.55,C
666,0,3,Person_665,male,1.0,0,1,92.88,S
667,0,2,Person_666,male,45.15026480643696,0,2,10.63,C
668,0,3,Person_667,male,48.40889156167981,1,2,19.77,C
669,0,3,Person_668,male,24.7694717822433,1,0,35.6,S
670,0,2,Person_669,female,1.0,3,0,5.66,S
671,0,1,Person_670,male,,0,0,21.32,S
672,1,3,Person_671,male,28.10142174195653,0,0,42.93,C
673,0,2,Person_672,male,14.851624920995212,0,0,64.52,S
674,0,3,Person_673,male,21.7869424866846,0,0,31.49,S
675,0,2,Person_674,male,50.42273278408692,0,1,35.39,C
676,1,3,Person_675,male,38.308980272224375,3,0,4.32,S
677,0,1,Person_676,male,16.0561023987066,1,0,93.27,S
678,0,3,Person_677,male,6.633611625663949,0,0,4.55,S
679,1,3,Person_678,female,24.421757553463205,0,0,47.69,S
680,1,3,Person_679,female,26.011605089093866,0,0,9.84,C
681,1,1,Person_680,male,35.94678862308643,0,0,86.78,S
682,0,3,Person_681,male,,1,0,40.73,S
683,0,3,Person_682,male,,0,0,44.85,C
684,1,1,Person_683,male,56.09215656084321,3,0,7.91,S
685,1,1,Person_684,male,40.41701431421968,0,0,18.73,Q
686,0,1,Person_685,male,28.326760897369184,0,1,30.78,Q
687,0,3,Person_686,male,26.435893405253875,1,0,47.03,S
688,0,3,Person_687,male,24.006576121481803,0,0,3.51,S
689,1,3,Person_688,male,45.52897277433003,0,1,104.95,S
690,0,1,Person_689,female,20.21761175668176,0,0,70.7,S
691,0,2,Person_690,female,29.633117925999755,0,2,10.09,S
692,0,3,Person_691,female,29.716770626335194,1,1,55.37,S
693,0,3,Person_692,male,21.975021300638552,0,0,23.38,S
694,0,3,Person_693,female,9.785482329622589,1,2,19.83,C
695,0,1,Person_694,male,33.521643050647356,0,0,12.08,S
696,0,3,Person_695,female,,0,0,27.83,S
697,0,2,Person_696,male,36.00336657211198,1,0,41.89,S
698,0,2,Person_697,female,21.529595709851662,0,0,16.93,Q
699,0,3,Person_698,male,46.09149818338267,0,2,31.75,S
700,0,3,Person_699,female,16.72516706303417,0,0,38.45,C
701,0,3,Person_700,female,52.96856397625049,0,0,39.74,S
702,0,1,Person_701,male,4.5330888624043375,0,0,1.71,S
703,0,1,Person_702,male,35.08678090379647,0,0,62.86,S
704,0,3,Person_703,female,35.656029555372726,0,0,19.61,S
705,0,3,Person_704,male,,0,0,9.74,S
706,1,2,Person_705,female,,2,1,8.86,S
707,0,1,Person_706,male,46.913261376642225,0,0,21.11,S
708,1,1,Person_707,male,1.0,1,1,69.72,Q
709,0,3,Person_708,male,36.038427304871405,0,0,15.21,S
710,1,1,Person_709,male,,0,1,44.33,Q
711,1,2,Person_710,female,15.480692750675088,1,0,3.26,S
712,0,1,Person_711,male,,0,0,20.68,S
713,0,2,Person_712,male,20.855051532511244,1,0,153.27,S
714,0,1,Person_713,male,12.565680498274382,0,1,47.09,S
715,0,3,Person_714,male,26.228871794214456,0,0,7.56,S
716,1,1,Person_715,female,,0,2,22.27,S
717,1,3,Person_716,female,3.3564485391156325,0,0,8.51,S
718,1,1,Person_717,male,14.281661237049176,1,0,16.86,C
719,0,3,Person_718,female,49.96404356451477,0,0,48.46,S
720,1,3,Person_719,female,55.00783280952825,2,2,47.2,C
721,1,3,Person_720,male,27.551962859936026,2,0,8.28,S
722,0,3,Person_721,female,11.653262164627005,0,1,81.73,S
723,0,2,Person_722,male,58.341809025328224,0,1,28.73,S
724,1,2,Person_723,male,51.32219348448875,1,0,15.29,S
725,0,3,Person_724,female,38.50525782867126,2,0,22.3,S
726,1,3,Person_725,male,17.626367114876118,0,0,29.73,S
727,0,3,Person_726,female,28.313589228267485,0,0,26.26,S
728,1,3,Person_727,female,,0,1,21.32,S
729,0,3,Person_728,male,,1,0,22.5,S
730,0,3,Person_729,female,49.31402013383871,0,0,6.21,S
731,0,1,Person_730,male,41.311838575923645,1,1,53.61,S
732,1,3,Person_731,male,13.916734922213385,0,0,24.97,Q
733,1,3,Person_732,male,48.270950300273526,0,0,4.5,C
734,0,1,Person_733,female,33.38384996018417,0,0,46.5,S
735,0,3,Person_734,male,38.61892114202483,0,0,86.23,C
736,1,1,Person_735,male,49.531572029900445,0,0,94.18,C
737,0,3,Person_736,female,,0,1,14.74,S
738,1,1,Person_737,female,28.49844189810952,0,0,4.66,S
739,0,3,Person_738,female,,0,0,23.38,Q
740,0,3,Person_739,male,,0,0,3.82,S
741,0,2,Person_740,male,33.85393968646888,3,0,86.97,C
742,0,3,Person_741,male,64.16179172218193,0,0,6.49,S
743,1,3,Person_742,female,3.2389115769194596,0,2,9.32,S
744,0,3,Person_743,male,28.548071445307414,0,0,16.7,S
745,0,1,Person_744,male,37.96760109104683,3,0,15.46,S
746,1,2,Person_745,female,30.723094823186536,0,0,50.66,C
747,0,1,Person_746,male,,1,0,19.5,Q
748,0,3,Person_747,female,10.81097091175846,1,0,5.99,S
749,1,3,Person_748,female,32.25901440116229,0,0,9.95,S
750,1,3,Person_749,female,18.40530432177703,0,0,22.77,C
751,0,3,Person_750,male,,0,0,5.1,S
752,1,3,Person_751,male,45.72429108719223,0,0,30.27,S
753,1,3,Person_752,female,42.417401477788594,0,0,26.69,S
754,0,1,Person_753,female,29.723253675915117,1,2,40.14,C
755,0,3,Person_754,female,32.20704563487983,0,0,88.83,C
756,1,1,Person_755,male,44.04045217801786,1,0,77.87,S
757,1,3,Person_756,female,32.14075519489316,0,0,93.45,S
758,0,3,Person_757,female,41.6562457666584,1,0,8.98,Q
759,1,3,Person_758,female,24.8352491877661,0,0,4.51,S
760,1,1,Person_759,female,47.36777234003525,0,0,11.52,S
761,0,2,Person_760,female,33.49100016305758,0,0,72.15,S
762,0,2,Person_761,male,31.716727210482237,2,0,114.48,C
763,0,2,Person_762,male,11.21914475803155,0,0,62.76,S
764,1,1,Person_763,male,33.01738196022392,0,0,3.73,S
765,0,3,Person_764,male,17.352631155077685,0,0,94.26,S
766,0,3,Person_765,male,20.064041828601084,0,0,17.62,S
767,1,2,Person_766,male,17.584741203574303,0,0,0.3,S
768,1,2,Person_767,male,14.07271095341085,0,0,18.69,S
769,0,2,Person_768,male,58.74679964223746,0,0,1.51,S
770,1,3,Person_769,male,47.63874686783764,0,0,25.12,S
771,0,3,Person_770,female,55.88514503001966,0,1,13.23,S
772,1,3,Person_771,female,11.879469726222105,0,0,20.52,S
773,0,3,Person_772,male,29.997552498752494,1,0,30.39,Q
774,0,3,Person_773,female,10.89089324714266,0,0,64.99,C
775,1,3,Person_774,male,19.260271719241103,0,2,34.7,S
776,0,1,Person_775,male,16.14622223216795,0,0,18.22,C
777,0,3,Person_776,male,,3,0,54.77,S
778,1,1,Person_777,male,23.452784506575362,2,0,75.52,Q
779,1,3,Person_778,female,43.95731067171623,1,0,4.08,S
780,1,2,Person_779,female,37.45769245423925,0,0,24.29,S
781,1,3,Person_780,male,61.250942529467046,0,0,10.71,S
782,0,3,Person_781,male,8.287780876043865,0,2,1.54,S
783,0,3,Person_782,male,,0,2,35.34,Q
784,0,3,Person_783,male,45.05017218561019,0,0,63.56,S
785,0,2,Person_784,male,15.372696267621516,1,0,5.69,S
786,1,1,Person_785,male,43.099866710624234,1,2,53.55,S
787,0,2,Person_786,female,33.7060294823672,1,0,61.44,S
788,0,1,Person_787,female,25.81533236065229,0,0,78.64,S
789,0,3,Person_788,male,,1,0,9.86,S
790,1,2,Person_789,female,18.932467679711397,0,0,74.97,Q
791,0,3,Person_790,male,57.69736934100297,0,0,12.37,S
792,0,3,Person_791,male,,1,0,25.72,S
793,0,3,Person_792,male,39.94982002144043,0,0,1.66,Q
794,0,1,Person_793,male,17.927408656654258,0,0,1.44,S
795,0,3,Person_794,female,18.082058752897055,0,0,40.78,S
796,1,3,Person_795,male,44.147787329499195,1,0,18.81,S
797,1,3,Person_796,male,,1,1,9.48,C
798,0,3,Person_797,male,,0,0,6.76,S
799,1,3,Person_798,male,29.47638375501125,1,0,35.47,Q
800,1,1,Person_799,female,30.559216425760734,0,2,0.01,C
801,1,3,Person_800,male,26.492694009773814,0,2,52.46,S
802,0,2,Person_801,male,34.54147693534292,1,0,2.64,S
803,0,1,Person_802,male,38.69998058144936,1,0,6.8,S
804,0,2,Person_803,male,39.28492563643062,3,0,15.62,S
805,0,1,Person_804,male,15.198746678650426,0,1,21.23,C
806,1,1,Person_805,female,25.02182862899684,0,2,14.03,Q
807,1,1,Person_806,male,45.726680066277126,0,1,12.37,S
808,1,3,Person_807,female,,2,0,106.3,S
809,0,3,Person_808,female,9.779967679265106,0,0,32.83,S
810,0,3,Person_809,female,33.920718604930826,1,0,0.76,S
811,1,2,Person_810,male,1.3048465087526573,0,0,18.0,S
812,1,2,Person_811,male,29.657088628845173,0,0,66.54,S
813,0,3,Person_812,male,55.56873823444368,0,0,11.48,S
814,1,2,Person_813,female,15.729501958234192,0,0,3.18,S
815,1,1,Person_814,male,,0,0,45.45,S
816,0,3,Person_815,male,,1,0,29.81,C
817,0,1,Person_816,male,7.400778787064958,0,0,27.03,C
818,0,3,Person_817,male,,0,0,1.76,S
819,0,3,Person_818,male,37.35017592614454,0,0,4.84,S
820,0,1,Person_819,male,20.119998132348357,0,0,31.18,S
821,1,1,Person_820,female,25.6964201790464,0,0,7.46,S
822,0,3,Person_821,male,39.41859994441049,0,2,22.44,S
823,0,3,Person_822,male,34.90164516951186,0,0,25.19,C
824,0,1,Person_823,male,32.73545754813563,0,0,10.67,S
825,0,3,Person_824,male,24.25228809021946,0,0,94.87,S
826,1,1,Person_825,male,,0,0,59.14,S
827,0,3,Person_826,female,27.267742478603406,0,1,41.01,S
828,0,3,Person_827,male,35.40927853896099,0,0,2.6,S
829,1,1,Person_828,female,22.042951648348303,0,1,3.59,
830,0,1,Person_829,male,26.444034358686423,2,0,21.72,S
831,0,1,Person_830,male,,1,1,5.61,S
832,0,2,Person_831,female,28.509893459912696,1,0,122.52,S
833,0,1,Person_832,male,17.645987909196172,0,1,5.52,Q
834,0,3,Person_833,male,13.403349697732093,1,0,21.39,S
835,0,1,Person_834,male,32.62125606997543,1,0,14.49,S
836,0,3,Person_835,male,31.978356862007246,1,0,32.64,C
837,1,3,Person_836,female,,0,2,4.42,S
838,0,3,Person_837,male,22.964242025948614,0,0,18.01,S
839,0,3,Person_838,female,,1,0,10.28,S
840,1,2,Person_839,female,36.71116601183128,0,1,69.99,S
841,0,3,Person_840,male,35.22683330964233,0,0,1.33,S
842,1,3,Person_841,female,17.44084844077001,0,0,78.41,S
843,0,2,Person_842,male,31.091088751796644,0,0,57.27,S
844,1,1,Person_843,female,,0,0,11.3,S
845,0,3,Person_844,male,29.100498536711186,0,2,49.83,S
846,0,2,Person_845,female,,0,1,1.01,S
847,0,1,Person_846,male,31.24685473562872,0,0,109.03,S
848,1,2,Person_847,male,59.97543455156139,0,2,23.93,Q
849,0,2,Person_848,male,23.959450237402244,0,0,11.56,S
850,0,3,Person_849,female,18.806920630025502,0,0,14.41,S
851,0,3,Person_850,male,,1,0,2.2,S
852,1,3,Person_851,male,,1,0,145.35,S
853,0,1,Person_852,female,,0,0,1.28,S
854,1,2,Person_853,female,11.389845817275571,0,2,34.05,S
855,0,3,Person_854,female,39.239323536049895,0,1,18.71,S
856,0,1,Person_855,female,37.265908857520486,1,0,95.18,S
857,0,2,Person_856,female,27.009948482832353,0,0,9.04,C
858,0,3,Person_857,female,33.74162245090366,0,0,24.3,S
859,0,1,Person_858,male,43.412404742377,0,2,21.07,S
860,0,3,Person_859,male,41.21241532039831,0,1,38.83,S
861,1,1,Person_860,female,12.9977296309678,1,0,2.25,S
862,0,1,Person_861,male,40.48221461457678,1,1,6.89,S
863,0,2,Person_862,male,,0,0,7.73,S
864,0,3,Person_863,male,30.020237372217217,0,0,42.88,S
865,0,3,Person_864,female,30.024757874023724,0,0,6.71,C
866,0,3,Person_865,male,26.89659815682436,0,0,27.27,C
867,0,3,Person_866,male,,0,0,7.76,S
868,0,1,Person_867,male,27.827948562111033,0,0,63.29,S
869,1,3,Person_868,male,13.326354202635638,0,0,91.22,C
870,1,3,Person_869,male,,0,0,23.39,S
871,0,3,Person_870,male,31.501726035346657,2,0,13.9,S
872,0,1,Person_871,male,46.209006980158705,0,0,8.53,S
873,1,3,Person_872,female,,1,0,1.63,S
874,0,1,Person_873,male,,1,2,10.01,S
875,0,2,Person_874,female,63.79265883350448,0,0,33.98,S
876,0,3,Person_875,female,32.70685435369172,1,0,24.41,S
877,1,3,Person_876,male,46.85547033198621,0,0,92.26,S
878,1,2,Person_877,female,26.875997929918793,0,1,16.15,C
879,0,2,Person_878,male,,0,2,37.88,S
880,0,3,Person_879,female,40.752559063257664,3,0,21.5,S
881,0,3,Person_880,male,46.05472596455958,0,0,23.0,S
882,1,3,Person_881,female,,0,2,9.97,S
883,0,3,Person_882,male,41.21075800102169,2,0,19.42,C
884,0,3,Person_883,male,24.58878576328248,0,0,20.36,S
885,1,2,Person_884,male,20.99555541261514,1,0,39.24,S
886,0,3,Person_885,female,,1,0,90.37,S
887,1,2,Person_886,female,42.06379301277497,1,0,12.78,S
888,0,2,Person_887,male,25.881910189127503,3,0,1.38,S
889,0,3,Person_888,male,43.91240752000141,3,0,21.94,S
890,0,1,Person_889,male,,0,2,25.16,S
891,1,3,Person_890,female,16.171507132972124,1,0,5.9,S
